ts_code,trade_date,open,high,low,close,pre_close,change,pct_chg,vol,amount
600030.SH,20211231,26.46,26.69,26.39,26.41,26.37,0.04,0.1517,670511.36,1778955.655
600030.SH,20211230,25.85,26.62,25.85,26.37,25.88,0.49,1.8934,781346.17,2057978.148
600030.SH,20211229,26.13,26.13,25.83,25.88,26.05,-0.17,-0.6526,485993.17,1262206.536
600030.SH,20211228,26.1,26.28,25.84,26.05,26.0,0.05,0.1923,549142.12,1430073.41
600030.SH,20211227,25.81,26.05,25.64,26.0,25.69,0.31,1.2067,451895.83,1171037.662
600030.SH,20211224,25.92,26.2,25.68,25.69,25.93,-0.24,-0.9256,499960.91,1293655.211
600030.SH,20211223,25.91,26.06,25.72,25.93,25.88,0.05,0.1932,448028.78,1158008.777
600030.SH,20211222,26.12,26.23,25.87,25.88,26.11,-0.23,-0.8809,398666.8,1035741.773
600030.SH,20211221,25.83,26.28,25.83,26.11,25.88,0.23,0.8887,530788.49,1385647.973
600030.SH,20211220,26.3,26.5,25.81,25.88,26.29,-0.41,-1.5595,749118.93,1952963.391
600030.SH,20211217,26.75,26.82,26.27,26.29,26.65,-0.36,-1.3508,665803.24,1764408.204
600030.SH,20211216,26.45,26.78,26.39,26.65,26.4,0.25,0.947,590210.7,1569049.267
600030.SH,20211215,26.47,26.76,26.31,26.4,26.32,0.08,0.304,678402.63,1798785.313
600030.SH,20211214,26.5,26.64,26.21,26.32,26.67,-0.35,-1.3123,910136.87,2401177.775
600030.SH,20211213,27.0,27.27,26.66,26.67,26.44,0.23,0.8699,1548178.58,4166017.71
600030.SH,20211210,26.57,26.63,26.25,26.44,26.88,-0.44,-1.6369,1213975.97,3207991.786
600030.SH,20211209,26.4,27.24,26.35,26.88,26.49,0.39,1.4723,1895881.87,5090108.069
600030.SH,20211208,26.35,26.62,26.06,26.49,26.15,0.34,1.3002,1418086.8,3737147.807
600030.SH,20211207,26.2,26.5,26.01,26.15,25.91,0.24,0.9263,1836993.77,4821063.398
600030.SH,20211206,25.01,26.5,25.01,25.91,24.78,1.13,4.5601,3164170.33,8215428.684
600030.SH,20211203,24.5,24.9,24.45,24.78,24.4,0.38,1.5574,1045718.87,2584044.237
600030.SH,20211202,24.19,24.55,24.1,24.4,24.23,0.17,0.7016,739732.21,1803837.004
600030.SH,20211201,23.7,24.29,23.65,24.23,23.77,0.46,1.9352,842458.97,2034164.816
600030.SH,20211130,23.95,23.99,23.72,23.77,23.8,-0.03,-0.1261,618799.33,1476947.411
600030.SH,20211129,23.7,23.81,23.62,23.8,23.92,-0.12,-0.5017,632218.01,1499468.699
600030.SH,20211126,24.03,24.08,23.91,23.92,24.09,-0.17,-0.7057,470738.22,1128056.855
600030.SH,20211125,24.15,24.24,24.02,24.09,24.19,-0.1,-0.4134,451105.08,1086929.612
600030.SH,20211124,24.2,24.33,24.05,24.19,24.21,-0.02,-0.0826,516818.49,1248099.643
600030.SH,20211123,24.28,24.5,24.2,24.21,24.29,-0.08,-0.3294,646039.9,1572556.787
600030.SH,20211122,24.28,24.52,24.24,24.29,24.3,-0.01,-0.0412,696913.26,1699313.815
600030.SH,20211119,24.01,24.44,23.93,24.3,24.08,0.22,0.9136,796636.96,1928681.033
600030.SH,20211118,24.0,24.16,23.7,24.08,24.04,0.04,0.1664,785011.6,1878985.477
600030.SH,20211117,23.91,24.14,23.86,24.04,24.01,0.03,0.1249,678137.35,1628413.109
600030.SH,20211116,25.06,25.15,23.95,24.01,25.22,-1.21,-4.7978,2281490.64,5565688.292
600030.SH,20211115,25.38,25.5,25.05,25.22,25.34,-0.12,-0.4736,642136.73,1619936.939
600030.SH,20211112,25.69,25.69,25.08,25.34,25.75,-0.41,-1.5922,1088599.45,2756837.665
600030.SH,20211111,24.9,25.93,24.9,25.75,25.01,0.74,2.9588,1455579.39,3719322.568
600030.SH,20211110,25.49,25.57,24.77,25.01,25.58,-0.57,-2.2283,1057430.48,2649688.785
600030.SH,20211109,25.53,25.63,25.25,25.58,25.46,0.12,0.4713,563575.29,1435080.522
600030.SH,20211108,25.27,25.68,25.02,25.46,25.36,0.1,0.3943,568211.93,1441756.439
600030.SH,20211105,25.3,25.67,25.23,25.36,25.44,-0.08,-0.3145,545238.18,1386543.786
600030.SH,20211104,25.6,25.76,25.3,25.44,25.39,0.05,0.1969,630367.12,1605802.62
600030.SH,20211103,25.5,25.66,25.25,25.39,25.53,-0.14,-0.5484,570295.4,1449182.234
600030.SH,20211102,25.9,26.09,25.25,25.53,25.98,-0.45,-1.7321,898836.88,2300876.823
600030.SH,20211101,25.8,26.1,25.73,25.98,25.88,0.1,0.3864,979593.91,2540040.719
600030.SH,20211029,25.0,26.14,24.81,25.88,24.75,1.13,4.5657,1641830.24,4208839.254
600030.SH,20211028,24.61,25.06,24.58,24.75,24.67,0.08,0.3243,648388.31,1610473.942
600030.SH,20211027,25.09,25.26,24.56,24.67,25.26,-0.59,-2.3357,802147.94,1994918.674
600030.SH,20211026,25.65,25.71,25.25,25.26,25.65,-0.39,-1.5205,609002.89,1550328.524
600030.SH,20211025,25.46,25.73,25.18,25.65,25.46,0.19,0.7463,808744.65,2058553.023
600030.SH,20211022,25.2,25.57,25.12,25.46,25.16,0.3,1.1924,692221.32,1754717.788
600030.SH,20211021,25.0,25.39,24.88,25.16,25.0,0.16,0.64,632570.28,1591270.026
600030.SH,20211020,25.18,25.23,24.98,25.0,25.05,-0.05,-0.1996,503287.26,1261270.363
600030.SH,20211019,24.9,25.22,24.86,25.05,24.98,0.07,0.2802,511627.48,1281873.537
600030.SH,20211018,24.96,25.21,24.8,24.98,24.96,0.02,0.0801,486797.76,1214138.617
600030.SH,20211015,24.7,25.12,24.6,24.96,24.76,0.2,0.8078,620778.88,1547360.032
600030.SH,20211014,24.8,24.85,24.41,24.76,24.71,0.05,0.2023,493163.57,1215383.76
600030.SH,20211013,24.84,25.06,24.68,24.71,24.86,-0.15,-0.6034,600363.26,1491566.055
600030.SH,20211012,25.49,25.65,24.55,24.86,25.66,-0.8,-3.1177,1125690.24,2814644.34
600030.SH,20211011,25.85,26.14,25.65,25.66,25.75,-0.09,-0.3495,589345.08,1525344.367
600030.SH,20211008,25.4,25.85,25.4,25.75,25.28,0.47,1.8592,751305.7,1928003.141
600030.SH,20210930,25.65,25.77,25.07,25.28,25.61,-0.33,-1.2886,834290.37,2112289.889
600030.SH,20210929,25.61,25.8,25.16,25.61,25.86,-0.25,-0.9667,944263.35,2408742.004
600030.SH,20210928,25.6,26.06,25.51,25.86,25.65,0.21,0.8187,711046.82,1836158.848
600030.SH,20210927,26.02,26.25,25.38,25.65,26.04,-0.39,-1.4977,952229.37,2458101.849
600030.SH,20210924,26.26,26.45,26.01,26.04,26.2,-0.16,-0.6107,816946.57,2140439.502
600030.SH,20210923,25.82,26.29,25.76,26.2,25.69,0.51,1.9852,1040007.18,2711282.463
600030.SH,20210922,25.51,25.97,25.3,25.69,25.95,-0.26,-1.0019,895727.23,2290076.453
600030.SH,20210917,25.5,26.1,25.5,25.95,25.48,0.47,1.8446,1077622.95,2781670.928
600030.SH,20210916,26.28,26.33,25.31,25.48,26.24,-0.76,-2.8963,1347734.68,3487369.505
600030.SH,20210915,26.42,26.64,26.01,26.24,26.48,-0.24,-0.9063,1089052.16,2857648.545
600030.SH,20210914,27.25,27.41,26.32,26.48,27.19,-0.71,-2.6113,1602296.28,4290873.196
600030.SH,20210913,27.25,27.59,27.06,27.19,27.27,-0.08,-0.2934,1215741.66,3316633.77
600030.SH,20210910,26.81,27.98,26.81,27.27,26.73,0.54,2.0202,2152491.92,5887666.065
600030.SH,20210909,26.61,26.87,26.36,26.73,26.9,-0.17,-0.632,1199152.71,3193017.867
600030.SH,20210908,27.0,27.63,26.86,26.9,27.15,-0.25,-0.9208,1566586.62,4251631.335
600030.SH,20210907,26.82,27.38,26.3,27.15,26.82,0.33,1.2304,2096081.91,5642029.407
600030.SH,20210906,26.62,27.39,26.62,26.82,26.59,0.23,0.865,1800825.62,4861495.805
600030.SH,20210903,28.1,28.23,26.48,26.59,27.09,-0.5,-1.8457,2825811.9,7711825.432
600030.SH,20210902,26.8,27.2,26.55,27.09,26.89,0.2,0.7438,2604356.55,7004440.992
600030.SH,20210901,25.7,27.6,25.56,26.89,25.68,1.21,4.7118,4375223.04,11646798.443
600030.SH,20210831,24.25,26.13,24.19,25.68,24.34,1.34,5.5053,3062855.09,7787736.124
600030.SH,20210830,25.15,25.28,24.28,24.34,24.73,-0.39,-1.577,1386131.43,3418390.264
600030.SH,20210827,24.65,25.18,24.6,24.73,24.58,0.15,0.6103,1038329.97,2578768.899
600030.SH,20210826,24.81,25.0,24.56,24.58,24.92,-0.34,-1.3644,1044624.04,2584003.71
600030.SH,20210825,25.06,25.47,24.88,24.92,25.14,-0.22,-0.8751,1353685.51,3396550.359
600030.SH,20210824,24.56,25.35,24.4,25.14,24.43,0.71,2.9063,2208821.77,5515599.058
600030.SH,20210823,24.39,24.73,24.25,24.43,24.24,0.19,0.7838,1164596.41,2848711.691
600030.SH,20210820,24.34,24.49,23.9,24.24,24.24,0.0,0.0,1363300.33,3302682.015
600030.SH,20210819,25.07,25.33,24.5,24.64,25.25,-0.61,-2.4158,1981783.09,4914386.696
600030.SH,20210818,23.96,25.4,23.9,25.25,23.91,1.34,5.6043,3162187.64,7855653.035
600030.SH,20210817,23.88,24.64,23.82,23.91,24.01,-0.1,-0.4165,1839348.6,4468568.717
600030.SH,20210816,24.12,24.5,23.91,24.01,24.1,-0.09,-0.3734,1213354.13,2939197.476
600030.SH,20210813,23.68,24.15,23.61,24.1,23.74,0.36,1.5164,1102724.44,2641504.162
600030.SH,20210812,23.76,24.05,23.63,23.74,23.7,0.04,0.1688,726113.86,1727545.062
600030.SH,20210811,23.73,24.08,23.6,23.7,23.77,-0.07,-0.2945,1018740.79,2428059.535
600030.SH,20210810,23.42,23.84,23.25,23.77,23.52,0.25,1.0629,1081770.14,2549716.976
600030.SH,20210809,23.0,23.8,22.96,23.52,23.08,0.44,1.9064,1128293.21,2655103.1
600030.SH,20210806,23.0,23.23,22.9,23.08,22.87,0.21,0.9182,601334.17,1386423.868
600030.SH,20210805,23.14,23.39,22.81,22.87,23.26,-0.39,-1.6767,778634.92,1794024.58
600030.SH,20210804,23.32,23.4,23.12,23.26,23.33,-0.07,-0.3,693895.57,1612431.665
600030.SH,20210803,23.11,23.8,23.0,23.33,23.27,0.06,0.2578,1123130.14,2620644.794
600030.SH,20210802,22.58,23.7,22.07,23.27,22.59,0.68,3.0102,1477517.59,3392800.772
600030.SH,20210730,22.93,22.97,22.47,22.59,23.02,-0.43,-1.8679,896860.85,2032185.292
600030.SH,20210729,23.28,23.32,22.87,23.02,22.87,0.15,0.6559,858003.42,1979421.197
600030.SH,20210728,22.9,23.22,22.86,22.87,22.91,-0.04,-0.1746,822131.93,1889236.2
600030.SH,20210727,23.5,23.66,22.83,22.91,23.5,-0.59,-2.5106,1018925.86,2368717.73
600030.SH,20210726,24.21,24.38,23.44,23.5,24.24,-0.74,-3.0528,1236812.67,2949757.785
600030.SH,20210723,24.09,24.84,23.85,24.24,24.13,0.11,0.4559,1404223.33,3413292.957
600030.SH,20210722,23.77,24.24,23.69,24.13,23.82,0.31,1.3014,1014718.56,2441415.802
600030.SH,20210721,23.68,24.03,23.65,23.82,23.61,0.21,0.8895,844506.81,2013428.701
600030.SH,20210720,23.57,23.84,23.52,23.61,23.8,-0.19,-0.7983,459677.42,1085840.749
600030.SH,20210719,23.68,23.83,23.4,23.8,23.83,-0.03,-0.1259,651805.61,1536306.775
600030.SH,20210716,23.84,24.08,23.66,23.83,23.67,0.16,0.676,910803.16,2172917.76
600030.SH,20210715,23.31,23.73,23.21,23.67,23.32,0.35,1.5009,727886.6,1711742.526
600030.SH,20210714,23.68,23.68,23.28,23.32,23.72,-0.4,-1.6863,802892.08,1878814.834
600030.SH,20210713,23.8,23.96,23.58,23.72,23.89,-0.17,-0.7116,616321.13,1464278.743
600030.SH,20210712,23.82,24.08,23.62,23.89,23.51,0.38,1.6163,1047903.3,2502105.932
600030.SH,20210709,23.5,23.68,23.35,23.51,23.6,-0.09,-0.3814,629464.31,1478749.899
600030.SH,20210708,23.79,23.86,23.49,23.6,23.64,-0.04,-0.1692,661945.56,1567128.504
600030.SH,20210707,23.58,23.82,23.54,23.64,23.68,-0.04,-0.1689,603386.82,1428018.731
600030.SH,20210706,23.59,23.73,23.4,23.68,23.53,0.15,0.6375,600573.9,1414267.899
600030.SH,20210705,23.65,23.79,23.28,23.53,23.65,-0.12,-0.5074,678159.47,1594505.061
600030.SH,20210702,24.48,24.48,23.61,23.65,24.67,-1.02,-4.1346,1229453.69,2936774.813
600030.SH,20210701,25.25,25.35,24.51,24.67,24.94,-0.27,-1.0826,1055002.29,2624412.771
600030.SH,20210630,24.81,25.03,24.63,24.94,24.8,0.14,0.5645,746818.31,1853722.672
600030.SH,20210629,25.14,25.25,24.77,24.8,25.13,-0.33,-1.3132,784548.57,1957833.732
600030.SH,20210628,25.59,25.59,25.06,25.13,25.51,-0.38,-1.4896,940776.11,2371759.538
600030.SH,20210625,25.08,25.86,24.9,25.51,25.0,0.51,2.04,1658267.22,4221097.987
600030.SH,20210624,24.79,25.24,24.75,25.0,24.76,0.24,0.9693,867812.81,2169644.85
600030.SH,20210623,24.68,24.95,24.52,24.76,24.66,0.1,0.4055,724185.19,1790898.068
600030.SH,20210622,24.59,24.79,24.46,24.66,24.5,0.16,0.6531,609209.4,1500322.603
600030.SH,20210621,24.7,24.95,24.49,24.5,24.65,-0.15,-0.6085,761880.65,1879519.795
600030.SH,20210618,24.48,24.8,24.36,24.65,24.54,0.11,0.4482,756795.18,1862777.564
600030.SH,20210617,24.58,24.73,24.39,24.54,24.65,-0.11,-0.4462,599392.35,1472184.418
600030.SH,20210616,24.52,24.79,24.5,24.65,24.58,0.07,0.2848,640219.85,1576132.967
600030.SH,20210615,24.9,24.98,24.5,24.58,24.94,-0.36,-1.4435,792464.45,1950889.196
600030.SH,20210611,25.62,25.75,24.81,24.94,25.66,-0.72,-2.8059,1290164.16,3247154.543
600030.SH,20210610,25.6,26.06,25.6,25.66,25.73,-0.07,-0.2721,819877.4,2115225.804
600030.SH,20210609,25.97,26.15,25.57,25.73,25.92,-0.19,-0.733,724102.43,1869766.952
600030.SH,20210608,25.92,26.44,25.8,25.92,26.06,-0.14,-0.5372,1092863.52,2852858.224
600030.SH,20210607,25.77,26.6,25.57,26.06,25.54,0.52,2.036,1366123.91,3569513.962
600030.SH,20210604,25.06,26.45,25.0,25.54,25.18,0.36,1.4297,1367718.57,3497660.08
600030.SH,20210603,25.32,25.65,25.15,25.18,25.2,-0.02,-0.0794,782288.92,1985269.578
600030.SH,20210602,25.77,25.91,25.14,25.2,25.77,-0.57,-2.2119,976466.48,2484072.248
600030.SH,20210601,25.99,25.99,25.43,25.77,26.11,-0.34,-1.3022,1046951.73,2688762.186
600030.SH,20210531,26.18,26.18,25.83,26.11,26.18,-0.07,-0.2674,924054.31,2401854.963
600030.SH,20210528,25.92,26.5,25.72,26.18,25.92,0.26,1.0031,1392900.43,3632519.021
600030.SH,20210527,25.87,26.21,25.73,25.92,25.88,0.04,0.1546,1119097.39,2898121.527
600030.SH,20210526,26.28,26.56,25.83,25.88,26.23,-0.35,-1.3343,1940857.08,5075432.827
600030.SH,20210525,25.23,26.55,25.14,26.23,25.23,1.0,3.9635,2911827.2,7609292.958
600030.SH,20210524,24.79,25.47,24.77,25.23,24.61,0.62,2.5193,1400131.26,3529483.788
600030.SH,20210521,25.08,25.15,24.6,24.61,25.06,-0.45,-1.7957,827480.62,2049817.658
600030.SH,20210520,24.77,25.27,24.7,25.06,24.78,0.28,1.1299,1109115.08,2771628.425
600030.SH,20210519,24.71,25.08,24.67,24.78,24.77,0.01,0.0404,806583.72,2003739.445
600030.SH,20210518,24.72,25.2,24.61,24.77,24.89,-0.12,-0.4821,925575.01,2301327.778
600030.SH,20210517,25.0,25.05,24.58,24.89,25.44,-0.55,-2.1619,2128584.27,5282182.312
600030.SH,20210514,23.83,25.68,23.8,25.44,23.63,1.81,7.6598,3326163.83,8260003.59
600030.SH,20210513,23.74,23.95,23.55,23.63,23.94,-0.31,-1.2949,556860.38,1321510.279
600030.SH,20210512,23.75,23.99,23.65,23.94,23.87,0.07,0.2933,570219.2,1360121.546
600030.SH,20210511,23.53,24.08,23.27,23.87,23.77,0.1,0.4207,680556.03,1610726.663
600030.SH,20210510,23.53,23.93,23.44,23.77,23.44,0.33,1.4078,662676.19,1567994.299
600030.SH,20210507,23.91,24.06,23.32,23.44,24.0,-0.56,-2.3333,837557.98,1982046.012
600030.SH,20210506,24.12,24.39,23.83,24.0,23.85,0.15,0.6289,981386.3,2364329.45
600030.SH,20210430,23.6,24.08,23.53,23.85,23.79,0.06,0.2522,1069396.46,2550243.52
600030.SH,20210429,23.0,23.96,22.92,23.79,22.88,0.91,3.9773,1592565.38,3762356.956
600030.SH,20210428,22.76,22.88,22.59,22.88,22.75,0.13,0.5714,485169.53,1102788.248
600030.SH,20210427,23.06,23.09,22.69,22.75,23.05,-0.3,-1.3015,706185.07,1611466.439
600030.SH,20210426,23.39,23.6,23.02,23.05,23.4,-0.35,-1.4957,714997.74,1667558.787
600030.SH,20210423,23.42,23.55,23.33,23.4,23.48,-0.08,-0.3407,493759.78,1155874.943
600030.SH,20210422,23.73,23.76,23.43,23.48,23.6,-0.12,-0.5085,545438.94,1286346.764
600030.SH,20210421,23.63,23.77,23.56,23.6,23.77,-0.17,-0.7152,407653.2,963694.035
600030.SH,20210420,23.89,24.15,23.74,23.77,24.02,-0.25,-1.0408,628183.08,1500891.625
600030.SH,20210419,23.6,24.07,23.51,24.02,23.67,0.35,1.4787,847988.17,2026806.627
600030.SH,20210416,23.41,23.76,23.38,23.67,23.38,0.29,1.2404,519719.74,1226250.915
600030.SH,20210415,23.52,23.56,23.24,23.38,23.58,-0.2,-0.8482,481014.45,1123290.223
600030.SH,20210414,23.37,23.75,23.35,23.58,23.37,0.21,0.8986,504175.31,1190093.273
600030.SH,20210413,23.3,23.43,23.2,23.37,23.3,0.07,0.3004,462451.47,1078853.329
600030.SH,20210412,23.6,23.68,23.25,23.3,23.6,-0.3,-1.2712,590009.98,1386702.568
600030.SH,20210409,23.91,23.93,23.6,23.6,23.99,-0.39,-1.6257,686484.53,1628840.396
600030.SH,20210408,23.9,24.25,23.89,23.99,24.05,-0.06,-0.2495,609198.47,1467351.775
600030.SH,20210407,24.12,24.23,23.93,24.05,24.15,-0.1,-0.4141,594220.33,1428625.21
600030.SH,20210406,24.5,24.58,24.13,24.15,24.13,0.02,0.0829,726292.37,1766795.732
600030.SH,20210402,24.19,24.35,24.05,24.13,24.16,-0.03,-0.1242,614623.31,1486654.621
600030.SH,20210401,23.89,24.17,23.76,24.16,23.89,0.27,1.1302,584316.13,1400948.481
600030.SH,20210331,24.25,24.25,23.89,23.89,24.26,-0.37,-1.5251,547367.85,1313456.13
600030.SH,20210330,24.16,24.45,24.12,24.26,24.26,0.0,0.0,536528.29,1302583.247
600030.SH,20210329,23.95,24.55,23.85,24.26,23.98,0.28,1.1676,796389.46,1933718.385
600030.SH,20210326,23.87,24.08,23.84,23.98,23.9,0.08,0.3347,538542.48,1291467.343
600030.SH,20210325,23.9,24.15,23.87,23.9,24.04,-0.14,-0.5824,475952.15,1141050.223
600030.SH,20210324,23.94,24.51,23.9,24.04,24.06,-0.02,-0.0831,931330.97,2256002.316
600030.SH,20210323,24.1,24.3,23.7,24.06,24.15,-0.09,-0.3727,760631.92,1827226.025
600030.SH,20210322,23.88,24.37,23.82,24.15,23.98,0.17,0.7089,1053069.21,2536783.204
600030.SH,20210319,23.41,23.99,23.23,23.98,23.55,0.43,1.8259,1210142.11,2858344.897
600030.SH,20210318,23.64,23.82,23.5,23.55,23.64,-0.09,-0.3807,686557.65,1623037.548
600030.SH,20210317,23.41,23.75,23.32,23.64,23.4,0.24,1.0256,753687.73,1774038.247
600030.SH,20210316,23.39,23.46,23.17,23.4,23.26,0.14,0.6019,602115.76,1405967.22
600030.SH,20210315,23.55,23.6,23.15,23.26,23.78,-0.52,-2.1867,897626.51,2095722.683
600030.SH,20210312,24.06,24.06,23.39,23.78,24.03,-0.25,-1.0404,1156455.17,2740710.972
600030.SH,20210311,23.76,24.1,23.76,24.03,23.69,0.34,1.4352,793470.41,1899214.313
600030.SH,20210310,23.98,24.05,23.65,23.69,23.75,-0.06,-0.2526,876286.25,2089672.29
600030.SH,20210309,24.51,24.75,23.7,23.75,24.54,-0.79,-3.2192,1305341.8,3147410.023
600030.SH,20210308,25.16,25.32,24.54,24.54,25.05,-0.51,-2.0359,1203736.47,3001137.173
600030.SH,20210305,24.81,25.19,24.54,25.05,24.81,0.24,0.9674,1149816.79,2875252.557
600030.SH,20210304,25.18,25.3,24.78,24.81,25.37,-0.56,-2.2073,1288013.16,3213067.352
600030.SH,20210303,25.05,25.45,25.01,25.37,25.16,0.21,0.8347,970336.97,2456529.414
600030.SH,20210302,25.62,25.67,25.05,25.16,25.62,-0.46,-1.7955,1490008.72,3772426.528
600030.SH,20210301,26.3,26.3,25.01,25.62,27.25,-1.63,-5.9817,2803137.99,7174752.28
600030.SH,20210226,27.19,27.55,27.13,27.25,27.73,-0.48,-1.731,1097797.77,2998556.041
600030.SH,20210225,27.58,28.27,27.31,27.73,27.42,0.31,1.1306,1379275.39,3838408.238
600030.SH,20210224,27.65,27.88,27.18,27.42,27.6,-0.18,-0.6522,958634.34,2643981.239
600030.SH,20210223,27.8,28.05,27.51,27.6,27.77,-0.17,-0.6122,986555.37,2740894.35
600030.SH,20210222,28.75,28.75,27.73,27.77,28.62,-0.85,-2.97,1676243.04,4751289.722
600030.SH,20210219,27.84,28.67,27.62,28.62,27.94,0.68,2.4338,1392744.22,3911897.777
600030.SH,20210218,28.2,28.35,27.82,27.94,27.87,0.07,0.2512,1310783.1,3677901.07
600030.SH,20210210,27.91,28.09,27.55,27.87,27.99,-0.12,-0.4287,1157932.72,3223799.526
600030.SH,20210209,27.33,28.05,27.06,27.99,27.32,0.67,2.4524,1395326.36,3854607.12
600030.SH,20210208,27.02,27.48,26.97,27.32,27.02,0.3,1.1103,926302.56,2523128.967
600030.SH,20210205,27.1,27.45,26.92,27.02,27.09,-0.07,-0.2584,924971.85,2513992.576
600030.SH,20210204,27.76,27.96,26.57,27.09,27.97,-0.88,-3.1462,1798665.66,4893990.086
600030.SH,20210203,28.15,28.38,27.87,27.97,28.16,-0.19,-0.6747,958175.87,2690715.494
600030.SH,20210202,28.45,28.49,27.88,28.16,28.3,-0.14,-0.4947,1435196.4,4034528.314
600030.SH,20210201,28.49,28.53,28.18,28.3,28.35,-0.05,-0.1764,886476.64,2513717.502
600030.SH,20210129,28.67,28.78,28.0,28.35,28.5,-0.15,-0.5263,1229644.54,3483745.647
600030.SH,20210128,28.5,28.88,28.23,28.5,28.71,-0.21,-0.7315,1300526.9,3710540.069
600030.SH,20210127,28.77,28.97,28.57,28.71,28.78,-0.07,-0.2432,1006888.86,2896690.373
600030.SH,20210126,29.72,29.96,28.7,28.78,29.97,-1.19,-3.9706,1897349.86,5533012.476
600030.SH,20210125,30.16,30.27,29.61,29.97,30.33,-0.36,-1.1869,1901744.97,5692128.786
600030.SH,20210122,30.8,31.09,30.08,30.33,31.17,-0.84,-2.6949,1988934.24,6066479.145
600030.SH,20210121,31.22,31.79,30.66,31.17,31.1,0.07,0.2251,2398598.06,7486003.626
600030.SH,20210120,30.58,31.7,30.46,31.1,30.45,0.65,2.1346,2166237.13,6739778.462
600030.SH,20210119,30.33,31.43,30.04,30.45,30.35,0.1,0.3295,2143914.55,6580405.965
600030.SH,20210118,30.02,31.0,29.86,30.35,30.18,0.17,0.5633,1695533.5,5167176.626
600030.SH,20210115,30.01,30.9,30.0,30.18,30.2,-0.02,-0.0662,1679397.81,5107971.64
600030.SH,20210114,30.82,31.15,30.2,30.2,30.95,-0.75,-2.4233,2103358.41,6434610.778
600030.SH,20210113,31.89,31.97,30.8,30.95,32.03,-1.08,-3.3718,3559776.49,11164422.407
600030.SH,20210112,29.0,32.21,28.8,32.03,29.28,2.75,9.3921,5161567.9,15965170.575
600030.SH,20210111,30.29,30.43,29.25,29.28,30.06,-0.78,-2.5948,1725418.63,5148428.767
600030.SH,20210108,29.8,30.53,29.61,30.06,29.75,0.31,1.042,2207415.04,6643557.631
600030.SH,20210107,29.7,29.87,29.0,29.75,29.62,0.13,0.4389,1729686.82,5094446.902
600030.SH,20210106,29.38,29.97,29.27,29.62,29.14,0.48,1.6472,2057442.73,6100119.937
600030.SH,20210105,28.96,29.38,28.63,29.14,29.18,-0.04,-0.1371,1655522.19,4797399.39
600030.SH,20210104,29.44,29.49,28.7,29.18,29.4,-0.22,-0.7483,1945462.07,5663123.706
600030.SH,20201231,28.8,29.76,28.77,29.4,28.5,0.9,3.1579,2165912.75,6349142.52
600030.SH,20201230,28.09,28.5,27.96,28.5,28.15,0.35,1.2433,1050135.74,2966992.163
600030.SH,20201229,28.09,28.52,28.0,28.15,27.98,0.17,0.6076,818140.54,2308756.897
600030.SH,20201228,27.9,28.26,27.77,27.98,28.02,-0.04,-0.1428,740362.66,2070095.196
600030.SH,20201225,27.9,28.24,27.7,28.02,28.06,-0.04,-0.1426,759596.97,2127687.338
600030.SH,20201224,28.19,28.4,27.9,28.06,28.2,-0.14,-0.4965,611889.9,1717372.551
600030.SH,20201223,28.02,28.36,27.9,28.2,28.01,0.19,0.6783,777820.08,2185111.673
600030.SH,20201222,28.96,28.96,28.0,28.01,29.03,-1.02,-3.5136,1225664.71,3487570.026
600030.SH,20201221,28.7,29.11,28.52,29.03,28.81,0.22,0.7636,665783.92,1924521.516
600030.SH,20201218,29.05,29.25,28.75,28.81,29.22,-0.41,-1.4031,663844.73,1920950.651
600030.SH,20201217,28.52,29.27,28.41,29.22,28.61,0.61,2.1321,981782.31,2839885.026
600030.SH,20201216,28.87,28.96,28.56,28.61,28.81,-0.2,-0.6942,599367.53,1721769.491
600030.SH,20201215,28.8,28.89,28.44,28.81,28.84,-0.03,-0.104,727955.06,2085014.875
600030.SH,20201214,28.8,28.93,28.62,28.84,28.75,0.09,0.313,544772.22,1569747.354
600030.SH,20201211,29.13,29.25,28.53,28.75,29.16,-0.41,-1.406,1011389.81,2921226.964
600030.SH,20201210,29.2,29.48,28.85,29.16,29.29,-0.13,-0.4438,1054444.62,3067176.193
600030.SH,20201209,30.1,30.28,29.29,29.29,30.01,-0.72,-2.3992,1099337.91,3279290.97
600030.SH,20201208,29.99,30.23,29.82,30.01,30.01,0.0,0.0,743255.94,2234187.122
600030.SH,20201207,30.31,30.49,29.98,30.01,30.3,-0.29,-0.9571,898569.76,2706322.161
600030.SH,20201204,30.95,30.97,30.18,30.3,30.9,-0.6,-1.9417,1228227.08,3728786.979
600030.SH,20201203,31.03,31.23,30.82,30.9,31.08,-0.18,-0.5792,957614.78,2969043.286
600030.SH,20201202,31.3,31.6,30.8,31.08,31.3,-0.22,-0.7029,1567735.87,4885400.051
600030.SH,20201201,30.21,31.65,30.05,31.3,30.3,1.0,3.3003,2277563.83,7047064.632
600030.SH,20201130,30.3,31.5,30.18,30.3,29.98,0.32,1.0674,2997909.21,9263538.868
600030.SH,20201127,29.38,29.98,29.24,29.98,29.3,0.68,2.3208,1114401.54,3309352.466
600030.SH,20201126,29.21,29.39,29.0,29.3,29.22,0.08,0.2738,620009.51,1809506.49
600030.SH,20201125,29.75,29.97,29.22,29.22,29.53,-0.31,-1.0498,842565.33,2492452.871
600030.SH,20201124,29.89,29.89,29.48,29.53,29.9,-0.37,-1.2375,885609.7,2626342.747
600030.SH,20201123,29.41,30.25,29.23,29.9,29.42,0.48,1.6315,1515453.4,4522019.024
600030.SH,20201120,29.33,29.42,29.2,29.42,29.33,0.09,0.3069,553473.78,1623246.576
600030.SH,20201119,29.0,29.46,28.77,29.33,29.15,0.18,0.6175,723571.3,2105621.877
600030.SH,20201118,29.13,29.53,29.07,29.15,29.13,0.02,0.0687,859665.01,2517936.926
600030.SH,20201117,28.93,29.13,28.66,29.13,28.97,0.16,0.5523,659904.41,1903318.826
600030.SH,20201116,28.92,29.05,28.62,28.97,28.71,0.26,0.9056,618228.93,1785043.68
600030.SH,20201113,29.05,29.05,28.5,28.71,29.12,-0.41,-1.408,820615.11,2352430.901
600030.SH,20201112,29.26,29.49,29.04,29.12,29.26,-0.14,-0.4785,543461.91,1585677.694
600030.SH,20201111,29.68,29.75,29.23,29.26,29.75,-0.49,-1.6471,709715.61,2086889.441
600030.SH,20201110,30.39,30.45,29.56,29.75,30.27,-0.52,-1.7179,1161262.06,3482326.411
600030.SH,20201109,29.52,30.65,29.34,30.27,29.24,1.03,3.5226,1767393.67,5315490.153
600030.SH,20201106,29.24,29.56,29.03,29.24,29.19,0.05,0.1713,880020.6,2579181.805
600030.SH,20201105,29.37,29.45,28.9,29.19,28.73,0.46,1.6011,929446.58,2712128.059
600030.SH,20201104,28.73,29.02,28.45,28.73,28.73,0.0,0.0,694129.96,1996026.378
600030.SH,20201103,28.27,29.04,28.16,28.73,28.08,0.65,2.3148,978566.36,2806860.204
600030.SH,20201102,28.45,29.0,27.62,28.08,28.63,-0.55,-1.9211,1372847.41,3883515.047
600030.SH,20201030,29.36,29.59,28.62,28.63,29.62,-0.99,-3.3423,1033853.75,3004371.218
600030.SH,20201029,28.96,30.0,28.81,29.62,29.26,0.36,1.2303,1038318.63,3059199.832
600030.SH,20201028,28.89,29.44,28.79,29.26,28.97,0.29,1.001,776850.48,2264163.7
600030.SH,20201027,29.0,29.08,28.55,28.97,29.02,-0.05,-0.1723,877712.14,2532515.448
600030.SH,20201026,29.93,29.93,28.9,29.02,30.1,-1.08,-3.588,1384351.35,4045035.949
600030.SH,20201023,30.39,30.69,30.1,30.1,30.44,-0.34,-1.117,788318.42,2398658.483
600030.SH,20201022,30.38,30.67,30.1,30.44,30.43,0.01,0.0329,767016.63,2328222.114
600030.SH,20201021,30.57,30.71,30.28,30.43,30.65,-0.22,-0.7178,674988.85,2052696.403
600030.SH,20201020,30.81,30.89,30.22,30.65,30.88,-0.23,-0.7448,858821.44,2620081.754
600030.SH,20201019,31.4,31.65,30.88,30.88,31.08,-0.2,-0.6435,968853.97,3030673.548
600030.SH,20201016,30.97,31.25,30.9,31.08,30.97,0.11,0.3552,659199.39,2048140.762
600030.SH,20201015,31.0,31.4,30.93,30.97,30.95,0.02,0.0646,631534.89,1966195.278
600030.SH,20201014,31.35,31.45,30.88,30.95,31.35,-0.4,-1.2759,736730.58,2288273.122
600030.SH,20201013,31.48,31.48,31.19,31.35,31.72,-0.37,-1.1665,927552.34,2905979.211
600030.SH,20201012,30.9,31.85,30.79,31.72,30.6,1.12,3.6601,1633773.37,5143534.78
600030.SH,20201009,30.5,30.63,30.33,30.6,30.03,0.57,1.8981,817138.75,2494231.718
600030.SH,20200930,30.52,30.54,29.89,30.03,30.26,-0.23,-0.7601,743265.31,2247656.526
600030.SH,20200929,30.24,30.66,30.24,30.26,30.22,0.04,0.1324,708144.05,2153124.21
600030.SH,20200928,30.07,30.4,30.06,30.22,30.2,0.02,0.0662,608466.64,1839636.639
600030.SH,20200925,30.01,30.46,29.95,30.2,29.95,0.25,0.8347,803641.97,2427031.305
600030.SH,20200924,30.2,30.39,29.93,29.95,30.31,-0.36,-1.1877,806377.39,2427836.02
600030.SH,20200923,30.72,30.76,30.24,30.31,30.62,-0.31,-1.0124,692185.28,2107561.67
600030.SH,20200922,30.67,31.5,30.5,30.62,30.93,-0.31,-1.0023,1261484.71,3901884.777
600030.SH,20200921,31.75,31.9,30.88,30.93,30.9,0.03,0.0971,1647351.07,5153658.007
600030.SH,20200918,29.6,31.1,29.55,30.9,29.61,1.29,4.3566,1977618.66,6019621.405
600030.SH,20200917,30.01,30.1,29.28,29.61,30.23,-0.62,-2.0509,1181712.61,3514088.054
600030.SH,20200916,30.22,30.63,30.08,30.23,30.22,0.01,0.0331,807879.75,2451250.437
600030.SH,20200915,30.06,30.45,29.92,30.22,30.05,0.17,0.5657,773378.57,2337364.763
600030.SH,20200914,30.09,30.18,29.84,30.05,30.09,-0.04,-0.1329,655177.48,1966843.845
600030.SH,20200911,29.87,30.16,29.8,30.09,30.0,0.09,0.3,818506.01,2454892.44
600030.SH,20200910,30.35,30.65,29.93,30.0,30.09,-0.09,-0.2991,1062565.65,3217266.981
600030.SH,20200909,30.11,30.5,29.75,30.09,30.65,-0.56,-1.8271,1135097.1,3426218.007
600030.SH,20200908,29.95,30.97,29.88,30.65,29.91,0.74,2.4741,1402828.72,4260530.691
600030.SH,20200907,31.03,31.15,29.8,29.91,31.04,-1.13,-3.6405,1535626.78,4681671.186
600030.SH,20200904,30.79,31.29,30.71,31.04,31.52,-0.48,-1.5228,1127796.51,3498957.934
600030.SH,20200903,31.89,32.27,31.33,31.52,31.9,-0.38,-1.1912,1264748.19,4018950.74
600030.SH,20200902,32.2,32.32,31.41,31.9,32.11,-0.21,-0.654,1450182.42,4631792.301
600030.SH,20200901,31.61,32.11,31.6,32.11,31.8,0.31,0.9748,1115894.74,3552311.733
600030.SH,20200831,32.3,32.91,31.8,31.8,31.99,-0.19,-0.5939,2189042.15,7094881.519
600030.SH,20200828,30.9,32.1,30.72,31.99,30.97,1.02,3.2935,1921991.29,6062000.804
600030.SH,20200827,30.73,31.3,30.5,30.97,30.73,0.24,0.781,1182994.38,3650663.127
600030.SH,20200826,31.6,31.84,30.7,30.73,31.68,-0.95,-2.9987,1906943.96,5940087.855
600030.SH,20200825,31.99,32.45,31.6,31.68,31.8,-0.12,-0.3774,1254941.24,4012664.289
600030.SH,20200824,32.05,32.23,31.71,31.8,31.92,-0.12,-0.3759,1063783.73,3397786.868
600030.SH,20200821,31.7,32.25,31.5,31.92,31.48,0.44,1.3977,1221736.46,3889780.802
600030.SH,20200820,32.03,32.46,31.72,31.98,32.69,-0.71,-2.1719,1566521.09,5018497.329
600030.SH,20200819,33.1,33.47,32.53,32.69,33.14,-0.45,-1.3579,2238900.7,7411330.646
600030.SH,20200818,33.0,33.81,32.64,33.14,32.97,0.17,0.5156,2393497.85,7928442.178
600030.SH,20200817,32.01,34.1,32.0,32.97,31.37,1.6,5.1004,3835405.77,12647809.495
600030.SH,20200814,30.61,31.48,30.52,31.37,30.89,0.48,1.5539,1444042.55,4489543.987
600030.SH,20200813,31.18,31.53,30.71,30.89,31.09,-0.2,-0.6433,1630067.43,5060877.432
600030.SH,20200812,31.02,31.64,30.44,31.09,31.31,-0.22,-0.7027,2716803.4,8433158.101
600030.SH,20200811,32.93,33.33,31.15,31.31,33.21,-1.9,-5.7212,3777990.61,12249285.929
600030.SH,20200810,31.32,34.35,31.13,33.21,31.96,1.25,3.9111,5373051.51,17749846.194
600030.SH,20200807,30.9,33.94,30.31,31.96,32.08,-0.12,-0.3741,4866216.0,15412905.332
600030.SH,20200806,30.0,32.9,29.49,32.08,29.91,2.17,7.2551,3725791.32,11538310.836
600030.SH,20200805,30.08,30.22,29.67,29.91,30.22,-0.31,-1.0258,1608571.56,4810607.954
600030.SH,20200804,30.41,30.7,30.02,30.22,30.41,-0.19,-0.6248,1792643.56,5430284.355
600030.SH,20200803,30.31,30.53,29.76,30.41,29.96,0.45,1.502,2291448.16,6917767.204
600030.SH,20200731,29.48,30.61,29.43,29.96,29.56,0.4,1.3532,2256131.3,6786976.078
600030.SH,20200730,30.0,30.07,29.42,29.56,29.77,-0.21,-0.7054,1943339.17,5781617.009
600030.SH,20200729,28.39,29.91,28.27,29.77,28.4,1.37,4.8239,2776370.4,8139619.016
600030.SH,20200728,28.84,28.9,28.15,28.4,28.5,-0.1,-0.3509,1455424.28,4147471.334
600030.SH,20200727,28.64,28.7,27.91,28.5,28.5,0.0,0.0,1849951.33,5239755.509
600030.SH,20200724,30.23,30.53,28.31,28.5,30.54,-2.04,-6.6798,3442431.36,10057112.619
600030.SH,20200723,30.06,30.74,29.51,30.54,30.5,0.04,0.1311,2812984.41,8482938.427
600030.SH,20200722,30.45,31.76,30.16,30.5,30.33,0.17,0.5605,3460703.73,10720772.751
600030.SH,20200721,30.33,30.84,29.89,30.33,30.65,-0.32,-1.044,2223715.38,6735068.069
600030.SH,20200720,29.27,31.12,29.04,30.65,28.62,2.03,7.0929,3791035.89,11368161.847
600030.SH,20200717,29.7,29.9,28.0,28.62,29.32,-0.7,-2.3874,3691222.58,10679761.086
600030.SH,20200716,31.5,32.2,29.2,29.32,32.0,-2.68,-8.375,5305665.3,16312519.759
600030.SH,20200715,32.51,33.19,31.85,32.0,32.03,-0.03,-0.0937,4571229.61,14878729.088
600030.SH,20200714,32.0,32.42,31.4,32.03,32.48,-0.45,-1.3855,3247300.97,10367153.871
600030.SH,20200713,31.75,33.5,31.33,32.48,31.77,0.71,2.2348,4736262.03,15315923.666
600030.SH,20200710,32.45,32.88,31.56,31.77,33.08,-1.31,-3.9601,4327866.45,13922598.991
600030.SH,20200709,32.5,34.19,32.15,33.08,33.5,-0.42,-1.2537,5585357.61,18479306.559
600030.SH,20200708,31.22,34.24,31.22,33.5,31.13,2.37,7.6132,6904764.15,22486166.556
600030.SH,20200707,32.57,32.65,30.6,31.13,31.54,-0.41,-1.2999,7474489.32,23655556.408
600030.SH,20200706,29.8,31.54,29.37,31.54,28.67,2.87,10.0105,8073328.04,24907326.614
600030.SH,20200703,27.1,28.67,26.36,28.67,26.06,2.61,10.0153,7250829.52,19916388.812
600030.SH,20200702,24.56,26.29,24.54,26.06,24.72,1.34,5.4207,4641174.09,11876896.074
600030.SH,20200701,24.1,24.74,23.93,24.72,24.11,0.61,2.5301,1842299.67,4478412.199
600030.SH,20200630,23.63,24.45,23.5,24.11,23.5,0.61,2.5957,1599807.54,3825097.112
600030.SH,20200629,23.8,23.9,23.41,23.5,24.25,-0.75,-3.0928,1516309.26,3577555.142
600030.SH,20200624,24.26,24.84,24.1,24.25,24.04,0.21,0.8735,1286922.55,3133588.052
600030.SH,20200623,24.0,24.22,23.73,24.04,24.11,-0.07,-0.2903,1416648.46,3396704.473
600030.SH,20200622,23.86,24.99,23.74,24.11,23.85,0.26,1.0901,2856176.84,6954609.456
600030.SH,20200619,23.15,23.99,23.09,23.85,23.08,0.77,3.3362,2770131.21,6544732.917
600030.SH,20200618,22.79,23.21,22.74,23.08,22.77,0.31,1.3614,1021774.9,2353803.065
600030.SH,20200617,22.83,22.88,22.61,22.77,22.86,-0.09,-0.3937,600807.22,1366425.448
600030.SH,20200616,22.82,23.0,22.75,22.86,22.59,0.27,1.1952,638051.49,1457966.979
600030.SH,20200615,22.61,23.07,22.57,22.59,22.61,-0.02,-0.0885,1004579.05,2292521.991
600030.SH,20200612,22.45,22.8,22.4,22.61,22.79,-0.18,-0.7898,842159.26,1903335.053
600030.SH,20200611,23.04,23.23,22.78,22.79,23.06,-0.27,-1.1709,850796.47,1954229.071
600030.SH,20200610,23.2,23.24,22.99,23.06,23.29,-0.23,-0.9875,581493.8,1342545.175
600030.SH,20200609,22.9,23.48,22.89,23.29,22.97,0.32,1.3931,1131304.86,2631203.076
600030.SH,20200608,22.98,23.14,22.85,22.97,22.84,0.13,0.5692,839778.31,1932327.537
600030.SH,20200605,22.79,22.89,22.59,22.84,22.76,0.08,0.3515,748216.43,1700335.119
600030.SH,20200604,23.07,23.07,22.72,22.76,22.9,-0.14,-0.6114,592799.59,1354317.198
600030.SH,20200603,23.14,23.32,22.86,22.9,23.02,-0.12,-0.5213,807511.08,1865844.986
600030.SH,20200602,23.05,23.17,22.9,23.02,23.14,-0.12,-0.5186,828477.97,1907351.305
600030.SH,20200601,22.81,23.33,22.63,23.14,22.27,0.87,3.9066,1618560.74,3720139.333
600030.SH,20200529,22.32,22.43,22.25,22.27,22.48,-0.21,-0.9342,465582.97,1038654.88
600030.SH,20200528,22.31,22.75,22.22,22.48,22.29,0.19,0.8524,699514.64,1572007.127
600030.SH,20200527,22.49,22.49,22.21,22.29,22.47,-0.18,-0.8011,455597.46,1016818.44
600030.SH,20200526,22.34,22.48,22.31,22.47,22.21,0.26,1.1706,546873.3,1224514.696
600030.SH,20200525,22.3,22.41,22.08,22.21,22.3,-0.09,-0.4036,589972.36,1310653.609
600030.SH,20200522,23.03,23.03,22.3,22.3,23.02,-0.72,-3.1277,981939.78,2219689.916
600030.SH,20200521,23.14,23.28,23.0,23.02,23.09,-0.07,-0.3032,548373.11,1268712.391
600030.SH,20200520,23.15,23.26,23.01,23.09,23.21,-0.12,-0.517,666619.97,1541298.61
600030.SH,20200519,23.32,23.38,23.15,23.21,23.08,0.13,0.5633,565102.02,1313883.782
600030.SH,20200518,23.4,23.43,23.05,23.08,23.44,-0.36,-1.5358,889195.55,2063763.091
600030.SH,20200515,23.56,23.6,23.4,23.44,23.44,0.0,0.0,548575.57,1287375.4
600030.SH,20200514,23.6,23.64,23.42,23.44,23.74,-0.3,-1.2637,654370.58,1538767.065
600030.SH,20200513,23.52,23.82,23.48,23.74,23.63,0.11,0.4655,640344.62,1513294.387
600030.SH,20200512,23.71,23.78,23.46,23.63,23.57,0.06,0.2546,650970.5,1538307.308
600030.SH,20200511,23.86,23.98,23.49,23.57,23.82,-0.25,-1.0495,958305.92,2271423.486
600030.SH,20200508,23.65,24.03,23.44,23.82,23.41,0.41,1.7514,1527749.07,3637115.034
600030.SH,20200507,23.62,23.75,23.4,23.41,23.62,-0.21,-0.8891,846295.75,1993833.221
600030.SH,20200506,23.18,23.68,23.11,23.62,23.7,-0.08,-0.3376,1118486.8,2612450.915
600030.SH,20200430,23.6,23.88,23.52,23.7,23.39,0.31,1.3254,1339570.89,3177410.355
600030.SH,20200429,23.06,23.5,23.03,23.39,23.29,0.1,0.4294,799916.59,1865959.031
600030.SH,20200428,23.06,23.45,22.77,23.29,22.83,0.46,2.0149,1343710.0,3117771.791
600030.SH,20200427,22.75,23.05,22.71,22.83,22.7,0.13,0.5727,615236.68,1409982.017
600030.SH,20200424,22.87,23.04,22.55,22.7,22.92,-0.22,-0.9599,723366.46,1647881.622
600030.SH,20200423,23.18,23.24,22.92,22.92,23.19,-0.27,-1.1643,623666.18,1438234.903
600030.SH,20200422,23.0,23.24,22.9,23.19,23.17,0.02,0.0863,582120.17,1344829.42
600030.SH,20200421,23.33,23.35,22.96,23.17,23.49,-0.32,-1.3623,907942.41,2099822.717
600030.SH,20200420,23.48,23.54,23.27,23.49,23.38,0.11,0.4705,803576.17,1881766.151
600030.SH,20200417,23.69,23.82,23.34,23.38,23.67,-0.29,-1.2252,1504200.23,3546707.317
600030.SH,20200416,22.89,24.0,22.85,23.67,23.02,0.65,2.8236,2278962.26,5385383.803
600030.SH,20200415,22.9,23.55,22.83,23.02,23.21,-0.19,-0.8186,1518855.72,3517827.333
600030.SH,20200414,22.39,23.81,22.29,23.21,22.27,0.94,4.2209,1956854.49,4510932.194
600030.SH,20200413,22.4,22.48,22.2,22.27,22.49,-0.22,-0.9782,584928.2,1305441.523
600030.SH,20200410,22.73,22.87,22.45,22.49,22.65,-0.16,-0.7064,858502.39,1942599.973
600030.SH,20200409,22.78,22.98,22.65,22.65,22.55,0.1,0.4435,1146929.52,2615070.148
600030.SH,20200408,22.45,22.62,22.4,22.55,22.58,-0.03,-0.1329,757619.95,1704870.025
600030.SH,20200407,22.55,22.65,22.4,22.58,22.13,0.45,2.0334,1241184.13,2797518.605
600030.SH,20200403,22.27,22.38,22.07,22.13,22.43,-0.3,-1.3375,581837.3,1291311.192
600030.SH,20200402,22.02,22.43,22.0,22.43,22.1,0.33,1.4932,775171.66,1720306.238
600030.SH,20200401,22.09,22.45,22.05,22.1,22.16,-0.06,-0.2708,666732.71,1483010.923
600030.SH,20200331,22.52,22.58,22.15,22.16,22.27,-0.11,-0.4939,638331.54,1425249.189
600030.SH,20200330,22.3,22.37,22.05,22.27,22.57,-0.3,-1.3292,804115.49,1784456.092
600030.SH,20200327,22.72,23.0,22.52,22.57,22.48,0.09,0.4004,905747.17,2058061.967
600030.SH,20200326,22.5,22.76,22.47,22.48,22.76,-0.28,-1.2302,697849.43,1576598.834
600030.SH,20200325,22.81,22.92,22.64,22.76,22.31,0.45,2.017,1293511.98,2948427.991
600030.SH,20200324,22.36,22.44,21.9,22.31,21.89,0.42,1.9187,1188218.71,2641221.615
600030.SH,20200323,21.8,22.35,21.75,21.89,22.66,-0.77,-3.3981,1105082.12,2430578.771
600030.SH,20200320,22.55,22.71,22.2,22.66,22.36,0.3,1.3417,1213209.09,2731567.136
600030.SH,20200319,22.3,22.63,21.41,22.36,22.23,0.13,0.5848,2007876.41,4433633.483
600030.SH,20200318,23.03,23.2,22.2,22.23,22.93,-0.7,-3.0528,1521894.44,3470413.218
600030.SH,20200317,23.02,23.28,22.23,22.93,22.67,0.26,1.1469,1727481.39,3951195.24
600030.SH,20200316,23.89,23.9,22.65,22.67,23.94,-1.27,-5.3049,2057913.52,4797882.534
600030.SH,20200313,22.82,24.18,22.66,23.94,23.98,-0.04,-0.1668,2273578.05,5324452.173
600030.SH,20200312,24.0,24.34,23.86,23.98,24.34,-0.36,-1.479,1696419.05,4077325.242
600030.SH,20200311,24.98,24.99,24.3,24.34,25.06,-0.72,-2.8731,1790690.4,4421697.107
600030.SH,20200310,24.36,25.19,24.16,25.06,24.31,0.75,3.0852,2644568.97,6541104.207
600030.SH,20200309,24.29,24.77,24.1,24.31,25.11,-0.8,-3.186,2734638.58,6680581.362
600030.SH,20200306,25.68,25.86,25.1,25.11,25.99,-0.88,-3.3859,2630400.87,6677400.601
600030.SH,20200305,25.61,26.33,25.07,25.99,25.33,0.66,2.6056,4454361.12,11474858.489
600030.SH,20200304,24.66,25.38,24.45,25.33,24.73,0.6,2.4262,2760750.55,6888921.538
600030.SH,20200303,25.0,25.45,24.43,24.73,24.48,0.25,1.0212,2593144.22,6463974.048
600030.SH,20200302,23.8,24.79,23.62,24.48,23.4,1.08,4.6154,2543747.28,6171344.948
600030.SH,20200228,23.99,24.21,23.28,23.4,24.77,-1.37,-5.5309,2914357.21,6928624.412
600030.SH,20200227,24.84,25.29,24.67,24.77,24.71,0.06,0.2428,2063951.92,5149811.849
600030.SH,20200226,24.7,25.49,24.53,24.71,25.21,-0.5,-1.9833,2881556.33,7210136.665
600030.SH,20200225,24.51,25.25,24.03,25.21,25.04,0.17,0.6789,3280997.72,8103705.155
600030.SH,20200224,24.99,25.33,24.8,25.04,25.18,-0.14,-0.556,2442126.28,6120537.723
600030.SH,20200221,25.29,25.99,24.99,25.18,25.42,-0.24,-0.9441,3535268.81,8966404.308
600030.SH,20200220,24.07,25.54,24.07,25.42,24.0,1.42,5.9167,3898596.29,9687303.36
600030.SH,20200219,23.86,24.46,23.83,24.0,23.98,0.02,0.0834,2083406.25,5045241.755
600030.SH,20200218,24.18,24.25,23.72,23.98,24.18,-0.2,-0.8271,1916034.98,4594404.49
600030.SH,20200217,23.75,24.29,23.4,24.18,22.98,1.2,5.2219,3209865.98,7637322.974
600030.SH,20200214,22.5,23.25,22.47,22.98,22.55,0.43,1.9069,2027589.87,4649873.161
600030.SH,20200213,22.82,23.01,22.5,22.55,22.9,-0.35,-1.5284,1493055.82,3388496.603
600030.SH,20200212,22.51,23.08,22.5,22.9,22.69,0.21,0.9255,1701737.4,3880469.52
600030.SH,20200211,22.83,23.13,22.64,22.69,22.67,0.02,0.0882,1763408.84,4024903.015
600030.SH,20200210,22.2,22.82,22.2,22.67,22.54,0.13,0.5768,1580403.44,3568549.364
600030.SH,20200207,22.48,22.63,22.2,22.54,22.63,-0.09,-0.3977,1836396.32,4119235.881
600030.SH,20200206,22.1,22.79,21.82,22.63,22.07,0.56,2.5374,2478401.65,5544992.003
600030.SH,20200205,21.76,22.68,21.52,22.07,21.73,0.34,1.5647,2427650.69,5359496.52
600030.SH,20200204,20.8,21.94,20.78,21.73,21.51,0.22,1.0228,3485571.68,7477240.156
600030.SH,20200203,21.51,21.51,21.51,21.51,23.9,-2.39,-10.0,753370.0,1620498.87
600030.SH,20200123,24.69,24.86,23.62,23.9,25.2,-1.3,-5.1587,2452483.79,5960881.961
600030.SH,20200122,24.98,25.43,24.42,25.2,25.17,0.03,0.1192,2036271.31,5070795.737
600030.SH,20200121,25.47,25.65,25.11,25.17,25.76,-0.59,-2.2904,1691808.91,4287213.237
600030.SH,20200120,25.34,25.78,25.2,25.76,25.36,0.4,1.5773,1408182.61,3600438.304
600030.SH,20200117,25.27,25.75,25.23,25.36,25.11,0.25,0.9956,1297342.39,3300089.5
600030.SH,20200116,25.36,25.36,25.06,25.11,25.32,-0.21,-0.8294,1038355.64,2617122.455
600030.SH,20200115,25.4,25.59,25.2,25.32,25.56,-0.24,-0.939,1140791.8,2890493.047
600030.SH,20200114,25.98,26.14,25.51,25.56,25.97,-0.41,-1.5787,1759240.79,4551674.805
600030.SH,20200113,25.45,25.98,25.03,25.97,25.55,0.42,1.6438,1895103.21,4832118.154
600030.SH,20200110,25.96,26.09,25.21,25.55,25.44,0.11,0.4324,1969461.6,5049383.157
600030.SH,20200109,25.33,25.56,25.21,25.44,24.94,0.5,2.0048,1635603.11,4151017.889
600030.SH,20200108,25.43,25.48,24.85,24.94,25.7,-0.76,-2.9572,2066120.75,5204057.626
600030.SH,20200107,25.4,25.75,25.1,25.7,25.32,0.38,1.5008,2003054.4,5097646.988
600030.SH,20200106,25.06,25.85,25.0,25.32,25.38,-0.06,-0.2364,2304034.83,5854929.634
600030.SH,20200103,25.34,25.63,25.1,25.38,25.49,-0.11,-0.4315,1837992.12,4662046.48
600030.SH,20200102,25.74,25.89,25.26,25.49,25.3,0.19,0.751,3577365.9,9157399.335
